GO.ID	Term	Annotated	Significant	Expected	weight01KS	classicKS	weight01KSpadj	classicKSpadj
GO:0005737	cytoplasm	134	27	25.58	0.025	0.0252	0.2	0.1008
GO:0043229	intracellular organelle	137	27	26.15	0.091	0.1897	0.364	0.33904
GO:0043227	membrane-bounded organelle	132	25	25.2	0.263	0.2119	0.6512	0.33904
GO:0043231	intracellular membrane-bounded organelle	121	24	23.1	0.349	0.3495	0.6512	0.46599999999999997
GO:0005622	intracellular	175	38	33.41	0.407	0.0046	0.6512	0.0368
GO:0110165	cellular anatomical entity	216	42	41.24	0.831	0.6675	1	0.7628571428571428
GO:0005575	cellular_component	220	42	42	1.000	1.0000	1	1
GO:0043226	organelle	138	27	26.35	1.000	0.1697	1	0.33904
