GO.ID	Term	Annotated	Significant	Expected	weight01KS	classicKS	weight01KSpadj	classicKSpadj
GO:0005737	cytoplasm	71	11	10.92	0.036	0.036	0.32399999999999995	0.16199999999999998
GO:0005634	nucleus	57	9	8.77	0.125	0.125	0.5625	0.36
GO:0110165	cellular anatomical entity	115	18	17.69	0.550	0.448	1	0.504
GO:0043231	intracellular membrane-bounded organelle	70	10	10.77	0.643	0.160	1	0.36
GO:0043229	intracellular organelle	75	11	11.54	0.802	0.244	1	0.4392
GO:0043227	membrane-bounded organelle	74	10	11.38	0.897	0.365	1	0.4692857142857143
GO:0005622	intracellular	93	17	14.31	1.000	0.018	1	0.16199999999999998
GO:0005575	cellular_component	117	18	18	1.000	1.000	1	1
GO:0043226	organelle	76	11	11.69	1.000	0.298	1	0.44699999999999995
