GO.ID	Term	Annotated	Significant	Expected	weight01KS	classicKS	weight01KSpadj	classicKSpadj
GO:0005515	protein binding	152	34	29.31	0.0061	0.0061	0.030500000000000003	0.030500000000000003
GO:0043167	ion binding	100	19	19.28	0.4979	0.4979	0.9508333333333334	0.713125
GO:0003824	catalytic activity	119	20	22.95	0.5705	0.5705	0.9508333333333334	0.713125
GO:0005488	binding	192	38	37.02	0.9096	0.2345	1	0.5862499999999999
GO:0003674	molecular_function	223	43	43	1.0000	1.0000	1	1
