GO.ID	Term	Annotated	Significant	Expected	weight01KS	classicKS	weight01KSpadj	classicKSpadj
GO:0097159	organic cyclic compound binding	177	100	87.92	0.010	0.010	0.030333333333333334	0.030333333333333334
GO:0003824	catalytic activity	235	130	116.73	0.011	0.011	0.030333333333333334	0.030333333333333334
GO:1901363	heterocyclic compound binding	174	98	86.43	0.013	0.013	0.030333333333333334	0.030333333333333334
GO:0043167	ion binding	172	94	85.43	0.094	0.094	0.1645	0.1316
GO:0005488	binding	380	196	188.75	0.301	0.071	0.42139999999999994	0.12424999999999999
GO:0005515	protein binding	282	144	140.07	0.443	0.443	0.5168333333333334	0.5168333333333334
GO:0003674	molecular_function	455	226	226	1.000	1.000	1	1
