GO.ID	Term	Annotated	Significant	Expected	weight01KS	classicKS	weight01KSpadj	classicKSpadj
GO:0097159	organic cyclic compound binding	188	103	95.55	0.035	0.035	0.10266666666666667	0.10266666666666667
GO:1901363	heterocyclic compound binding	184	101	93.52	0.038	0.038	0.10266666666666667	0.10266666666666667
GO:0003824	catalytic activity	255	140	129.61	0.044	0.044	0.10266666666666667	0.10266666666666667
GO:0043167	ion binding	190	101	96.57	0.160	0.160	0.28	0.22399999999999998
GO:0005515	protein binding	292	154	148.41	0.469	0.469	0.6566	0.5471666666666667
GO:0005488	binding	400	211	203.31	0.741	0.075	0.8645	0.13125
GO:0003674	molecular_function	484	246	246	1.000	1.000	1	1
