GO.ID	Term	Annotated	Significant	Expected	weight01KS	classicKS	weight01KSpadj	classicKSpadj
GO:0005515	protein binding	282	87	76.68	0.029	0.0292	0.10675	0.0959
GO:0097159	organic cyclic compound binding	177	54	48.13	0.041	0.0411	0.10675	0.0959
GO:1901363	heterocyclic compound binding	174	53	47.32	0.056	0.0561	0.10675	0.098175
GO:0005488	binding	380	112	103.33	0.061	0.0027	0.10675	0.0189
GO:0043167	ion binding	172	51	46.77	0.285	0.2848	0.38850000000000007	0.38850000000000007
GO:0003824	catalytic activity	236	63	64.18	0.333	0.3330	0.38850000000000007	0.38850000000000007
GO:0003674	molecular_function	456	124	124	1.000	1.0000	1	1
