EventType,TotalEventsJC,TotalEventsJCEC,SignificantEventsJC,SigEventsJCSample1HigherInclusion,SigEventsJCSample2HigherInclusion,SignificantEventsJCEC,SigEventsJCECSample1HigherInclusion,SigEventsJCECSample2HigherInclusion,pvals,padj
SE,12982,13016,942,453,489,1019,507,512,0.2541231039876687,0.2541231039876687
A5SS,2232,2232,208,117,91,210,120,90,0.08277018974536471,0.13795031624227452
A3SS,2769,2770,191,112,79,200,116,84,0.020347077476115402,0.050867693690288505
MXE,1814,1815,202,92,110,165,77,88,0.23156943280686212,0.2541231039876687
RI,1469,1471,190,76,114,217,95,122,0.007109623450109311,0.03554811725054655
