GO.ID	Term	Annotated	Significant	Expected	weight01KS	classicKS	weight01KSpadj	classicKSpadj
GO:0005515	protein binding	292	31	27.09	0.0082	0.0082	0.05740000000000001	0.05740000000000001
GO:0097159	organic cyclic compound binding	188	20	17.44	0.2378	0.2378	0.7280000000000001	0.546
GO:1901363	heterocyclic compound binding	184	20	17.07	0.3120	0.3120	0.7280000000000001	0.546
GO:0003824	catalytic activity	256	20	23.75	0.6243	0.6243	0.88886	0.7407166666666667
GO:0043167	ion binding	190	17	17.63	0.6349	0.6349	0.88886	0.7407166666666667
GO:0005488	binding	400	37	37.11	0.9392	0.2041	1	0.546
GO:0003674	molecular_function	485	45	45	1.0000	1.0000	1	1
