GO.ID	Term	Annotated	Significant	Expected	weight01KS	classicKS	weight01KSpadj	classicKSpadj
GO:0005737	cytoplasm	138	22	23.92	0.14	0.1392	0.765	0.30870000000000003
GO:0043231	intracellular membrane-bounded organelle	123	20	21.32	0.17	0.1656	0.765	0.30870000000000003
GO:0005622	intracellular	179	31	31.03	0.27	0.0037	0.8099999999999999	0.0333
GO:0043229	intracellular organelle	141	23	24.44	0.36	0.1193	0.8099999999999999	0.30870000000000003
GO:0016020	membrane	100	20	17.33	0.49	0.4911	0.882	0.6314142857142857
GO:0043227	membrane-bounded organelle	136	22	23.57	0.69	0.2104	1	0.3156
GO:0043226	organelle	143	23	24.79	0.83	0.1715	1	0.30870000000000003
GO:0110165	cellular anatomical entity	221	38	38.31	0.99	0.6418	1	0.722025
GO:0005575	cellular_component	225	39	39	1.00	1.0000	1	1
