GO.ID	Term	Annotated	Significant	Expected	weight01KS	classicKS	weight01KSpadj	classicKSpadj
GO:0005622	intracellular	179	31	31.03	0.0037	0.0037	0.0111	0.0111
GO:0110165	cellular anatomical entity	221	38	38.31	0.6418	0.6418	0.9627000000000001	0.9627000000000001
GO:0005575	cellular_component	225	39	39	1.0000	1.0000	1	1
