GO.ID	Term	Annotated	Significant	Expected	weight01KS	classicKS	weight01KSpadj	classicKSpadj
GO:0005515	protein binding	282	27	24.12	0.0031	0.0031	0.0217	0.0217
GO:0043167	ion binding	172	15	14.71	0.1409	0.1409	0.44747499999999996	0.3287666666666667
GO:0097159	organic cyclic compound binding	177	17	15.14	0.2236	0.2236	0.44747499999999996	0.35797999999999996
GO:1901363	heterocyclic compound binding	174	17	14.88	0.2557	0.2557	0.44747499999999996	0.35797999999999996
GO:0005488	binding	380	33	32.5	0.8481	0.0343	1	0.12004999999999999
GO:0003824	catalytic activity	236	17	20.18	0.8855	0.8855	1	1
GO:0003674	molecular_function	456	39	39	1.0000	1.0000	1	1
