GO.ID	Term	Annotated	Significant	Expected	weight01KS	classicKS	weight01KSpadj	classicKSpadj
GO:0005515	protein binding	292	88	78.27	0.025	0.025	0.17500000000000002	0.08750000000000001
GO:0003824	catalytic activity	256	70	68.62	0.071	0.071	0.238	0.16566666666666666
GO:0005488	binding	400	113	107.22	0.150	0.022	0.238	0.08750000000000001
GO:0097159	organic cyclic compound binding	188	57	50.39	0.162	0.162	0.238	0.238
GO:1901363	heterocyclic compound binding	184	55	49.32	0.170	0.170	0.238	0.238
GO:0043167	ion binding	190	54	50.93	0.447	0.447	0.5215000000000001	0.5215000000000001
GO:0003674	molecular_function	485	130	130	1.000	1.000	1	1
