EventType,TotalEventsJC,TotalEventsJCEC,SignificantEventsJC,SigEventsJCSample1HigherInclusion,SigEventsJCSample2HigherInclusion,SignificantEventsJCEC,SigEventsJCECSample1HigherInclusion,SigEventsJCECSample2HigherInclusion,pvals,padj
SE,6075,6129,29,8,21,27,7,20,0.02411954477429389,0.12059772387146944
A5SS,1737,1741,15,6,9,15,7,8,0.6072387695312503,0.7590484619140629
A3SS,2204,2207,22,13,9,25,12,13,0.5234670639038087,0.7590484619140629
MXE,655,670,1,1,0,13,8,5,1,1
RI,1194,1194,15,6,9,19,7,12,0.6072387695312503,0.7590484619140629
