GO.ID	Term	Annotated	Significant	Expected	weight01KS	classicKS	weight01KSpadj	classicKSpadj
GO:0005634	nucleus	57	10	8.01	0.029	0.0288	0.261	0.0864
GO:0110165	cellular anatomical entity	118	17	16.58	0.174	0.0679	0.7829999999999999	0.12222000000000001
GO:0005737	cytoplasm	71	9	9.98	0.391	0.3912	1	0.4401
GO:0043231	intracellular membrane-bounded organelle	69	11	9.69	0.486	0.0254	1	0.0864
GO:0043226	organelle	78	12	10.96	0.788	0.1192	1	0.1645714285714286
GO:0043227	membrane-bounded organelle	75	12	10.54	0.800	0.1280	1	0.1645714285714286
GO:0043229	intracellular organelle	76	12	10.68	0.838	0.0397	1	0.089325
GO:0005622	intracellular	94	13	13.21	1.000	0.0098	1	0.0864
GO:0005575	cellular_component	121	17	17	1.000	1.0000	1	1
